{"cameraMode":{"drawMode":0,"name":"Shaded","section":"Shading Mode"},"sceneLighting":false,"audioPlay":false,"sceneViewState":{"m_AlwaysRefresh":false,"showFog":true,"showSkybox":false,"showFlares":true,"showImageEffects":true,"showParticleSystems":true,"showVisualEffectGraphs":true,"m_FxEnabled":true},"in2DMode":false,"pivot":{"x":-0.1513676643371582,"y":0.09304988384246826,"z":1.297947645187378},"rotation":{"x":-0.00885766465216875,"y":0.8148139119148254,"z":-0.012483936734497548,"w":-0.5795525908470154},"size":2.2195515632629396,"orthographic":false}