{"cameraMode":{"drawMode":0,"name":"Shaded","section":"Shading Mode"},"sceneLighting":false,"audioPlay":false,"sceneViewState":{"m_AlwaysRefresh":false,"showFog":true,"showSkybox":false,"showFlares":true,"showImageEffects":true,"showParticleSystems":true,"showVisualEffectGraphs":true,"m_FxEnabled":true},"in2DMode":false,"pivot":{"x":46.213130950927737,"y":9.445930480957032,"z":20.36470603942871},"rotation":{"x":0.019491175189614297,"y":0.1772022843360901,"z":-0.0035170884802937509,"w":0.9839709401130676},"size":1.85145902633667,"orthographic":false}